0,"Agriculture, General"
1,"Agricultural Business and Management, General"
2,Agribusiness/Agricultural Business Operations
3,Agricultural Economics
4,Farm/Farm and Ranch Management
5,Agricultural/Farm Supplies Retailing and Wholesaling
6,Agricultural Business Technology
7,"Agricultural Business and Management, Other"
8,"Agricultural Mechanization, General"
9,Agricultural Power Machinery Operation
10,Agricultural Mechanics and Equipment/Machine Technology
11,"Agricultural Mechanization, Other"
12,"Agricultural Production Operations, General"
13,Animal/Livestock Husbandry and Production
14,Aquaculture
15,Crop Production
16,Dairy Husbandry and Production
17,Horse Husbandry/Equine Science and Management
18,Agroecology and Sustainable Agriculture
19,Viticulture and Enology
20,"Agricultural Production Operations, Other"
21,Agricultural and Food Products Processing
22,Dog/Pet/Animal Grooming
23,Animal Training
24,Equestrian/Equine Studies
25,Taxidermy/Taxidermist
26,"Agricultural and Domestic Animal Services, Other"
27,"Applied Horticulture/Horticulture Operations, General"
28,Ornamental Horticulture
29,Greenhouse Operations and Management
30,Landscaping and Groundskeeping
31,Plant Nursery Operations and Management
32,Turf and Turfgrass Management
33,Floriculture/Floristry Operations and Management
34,"Applied Horticulture/Horticultural Business Services, Other"
35,International Agriculture
36,Agricultural and Extension Education Services
37,Agricultural Communication/Journalism
38,"Agricultural Public Services, Other"
39,"Animal Sciences, General"
40,Agricultural Animal Breeding
41,Animal Health
42,Animal Nutrition
43,Dairy Science
44,Livestock Management
45,Poultry Science
46,"Animal Sciences, Other"
47,Food Science
48,Food Technology and Processing
49,"Food Science and Technology, Other"
50,"Plant Sciences, General"
51,Agronomy and Crop Science
52,Horticultural Science
53,Agricultural and Horticultural Plant Breeding
54,Plant Protection and Integrated Pest Management
55,Range Science and Management
56,"Plant Sciences, Other"
57,"Soil Science and Agronomy, General"
58,Soil Chemistry and Physics
59,"Soil Sciences, Other"
60,"Agriculture, Agriculture Operations and Related Sciences, Other"
61,"Natural Resources/Conservation, General"
62,Environmental Studies
63,Environmental Science
64,"Natural Resources Conservation and Research, Other"
65,Natural Resources Management and Policy
66,Natural Resource Economics
67,"Water, Wetlands, and Marine Resources Management"
68,Land Use Planning and Management/Development
69,Natural Resource Recreation and Tourism
70,Natural Resources Law Enforcement and Protective Services
71,"Natural Resources Management and Policy, Other"
72,Fishing and Fisheries Sciences and Management
73,"Forestry, General"
74,Forest Sciences and Biology
75,Forest Management/Forest Resources Management
76,Urban Forestry
77,Wood Science and Wood Products/Pulp and Paper Technology
78,Forest Resources Production and Management
79,Forest Technology/Technician
80,"Forestry, Other"
81,"Wildlife, Fish and Wildlands Science and Management"
82,"Natural Resources and Conservation, Other"
83,Architecture
84,"City/Urban, Community and Regional Planning"
85,Environmental Design/Architecture
86,Interior Architecture
87,Landscape Architecture
88,"Architectural History and Criticism, General"
89,Architectural Technology/Technician
90,Architectural and Building Sciences/Technology
91,"Architectural Sciences and Technology, Other"
92,Real Estate Development
93,"Architecture and Related Services, Other"
94,African Studies
95,American/United States Studies/Civilization
96,Asian Studies/Civilization
97,East Asian Studies
98,"Russian, Central European, East European and Eurasian Studies"
99,European Studies/Civilization
100,Latin American Studies
101,Near and Middle Eastern Studies
102,Pacific Area/Pacific Rim Studies
103,Russian Studies
104,Scandinavian Studies
105,South Asian Studies
106,Southeast Asian Studies
107,Western European Studies
108,Canadian Studies
109,Slavic Studies
110,Caribbean Studies
111,Ural-Altaic and Central Asian Studies
112,"Regional Studies (U.S., Canadian, Foreign)"
113,Chinese Studies
114,French Studies
115,German Studies
116,Italian Studies
117,Japanese Studies
118,Korean Studies
119,Spanish and Iberian Studies
120,Tibetan Studies
121,Irish Studies
122,Latin American and Caribbean Studies
123,"Area Studies, Other"
124,Ethnic Studies
125,African-American/Black Studies
126,American Indian/Native American Studies
127,"Hispanic-American, Puerto Rican, and Mexican-American/Chicano Studies"
128,Asian-American Studies
129,Women's Studies
130,Gay/Lesbian Studies
131,Folklore Studies
132,Disability Studies
133,Deaf Studies
134,"Ethnic, Cultural Minority, Gender, and Group Studies, Other"
135,"Communication, General"
136,Speech Communication and Rhetoric
137,Mass Communication/Media Studies
138,"Communication and Media Studies, Other"
139,Journalism
140,Broadcast Journalism
141,Photojournalism
142,"Journalism, Other"
143,Radio and Television
144,Digital Communication and Media/Multimedia
145,"Radio, Television, and Digital Communication, Other"
146,"Public Relations, Advertising, and Applied Communication"
147,"Organizational Communication, General"
148,Public Relations/Image Management
149,Advertising
150,Political Communication
151,Health Communication
152,Sports Communication
153,International and Intercultural Communication
154,Technical and Scientific Communication
155,"Public Relations, Advertising, and Applied Communication, Other"
156,Publishing
157,"Communication, Journalism, and Related Programs, Other"
158,Communications Technology/Technician
159,Photographic and Film/Video Technology/Technician and Assistant
160,Radio and Television Broadcasting Technology/Technician
161,Recording Arts Technology/Technician
162,"Audiovisual Communications Technologies/Technicians, Other"
163,"Graphic Communications, General"
164,Printing Management
165,Prepress/Desktop Publishing and Digital Imaging Design
166,"Animation, Interactive Technology, Video Graphics and Special Effects"
167,"Graphic and Printing Equipment Operator, General Production"
168,Platemaker/Imager
169,Printing Press Operator
170,Computer Typography and Composition Equipment Operator
171,"Graphic Communications, Other"
172,"Communications Technologies/Technicians and Support Services, Other"
173,"Computer and Information Sciences, General"
174,Artificial Intelligence
175,Information Technology
176,Informatics
177,"Computer and Information Sciences, Other"
178,"Computer Programming/Programmer, General"
179,"Computer Programming, Specific Applications"
180,"Computer Programming, Vendor/Product Certification"
181,"Computer Programming, Other"
182,Data Processing and Data Processing Technology/Technician
183,Information Science/Studies
184,Computer Systems Analysis/Analyst
185,"Data Entry/Microcomputer Applications, General"
186,Word Processing
187,"Data Entry/Microcomputer Applications, Other"
188,Computer Science
189,"Web Page, Digital/Multimedia and Information Resources Design"
190,Data Modeling/Warehousing and Database Administration
191,Computer Graphics
192,"Modeling, Virtual Environments and Simulation"
193,"Computer Software and Media Applications, Other"
194,Computer Systems Networking and Telecommunications
195,Network and System Administration/Administrator
196,"System, Networking, and LAN/WAN Management/Manager"
197,Computer and Information Systems Security/Information Assurance
198,Web/Multimedia Management and Webmaster
199,Information Technology Project Management
200,Computer Support Specialist
201,"Computer/Information Technology Services Administration and Management, Other"
202,"Computer and Information Sciences and Support Services, Other"
203,"Funeral Service and Mortuary Science, General"
204,Funeral Direction/Service
205,Mortuary Science and Embalming/Embalmer
206,"Funeral Service and Mortuary Science, Other"
207,"Cosmetology/Cosmetologist, General"
208,Barbering/Barber
209,Electrolysis/Electrology and Electrolysis Technician
210,Make-Up Artist/Specialist
211,Hair Styling/Stylist and Hair Design
212,Facial Treatment Specialist/Facialist
213,Aesthetician/Esthetician and Skin Care Specialist
214,Nail Technician/Specialist and Manicurist
215,Permanent Cosmetics/Makeup and Tattooing
216,Salon/Beauty Salon Management/Manager
217,"Cosmetology, Barber/Styling, and Nail Instructor"
218,Master Aesthetician/Esthetician
219,"Cosmetology and Related Personal Grooming Arts, Other"
220,"Cooking and Related Culinary Arts, General"
221,Baking and Pastry Arts/Baker/Pastry Chef
222,Bartending/Bartender
223,Culinary Arts/Chef Training
224,"Restaurant, Culinary, and Catering Management/Manager"
225,Food Preparation/Professional Cooking/Kitchen Assistant
226,Meat Cutting/Meat Cutter
227,"Food Service, Waiter/Waitress, and Dining Room Management/Manager"
228,Institutional Food Workers
229,Culinary Science/Culinology
230,Wine Steward/Sommelier
231,"Culinary Arts and Related Services, Other"
232,"Personal and Culinary Services, Other"
233,"Education, General"
234,Bilingual and Multilingual Education
235,Multicultural Education
236,Indian/Native American Education
237,"Bilingual, Multilingual, and Multicultural Education, Other"
238,Curriculum and Instruction
239,"Educational Leadership and Administration, General"
240,Administration of Special Education
241,Adult and Continuing Education Administration
242,"Educational, Instructional, and Curriculum Supervision"
243,Higher Education/Higher Education Administration
244,Community College Education
245,Elementary and Middle School Administration/Principalship
246,Secondary School Administration/Principalship
247,Urban Education and Leadership
248,Superintendency and Educational System Administration
249,"Educational Administration and Supervision, Other"
250,Educational/Instructional Technology
251,Educational Evaluation and Research
252,Educational Statistics and Research Methods
253,"Educational Assessment, Testing, and Measurement"
254,Learning Sciences
255,"Educational Assessment, Evaluation, and Research, Other"
256,International and Comparative Education
257,Social and Philosophical Foundations of Education
258,"Special Education and Teaching, General"
259,Education/Teaching of Individuals with Hearing Impairments Including Deafness
260,Education/Teaching of the Gifted and Talented
261,Education/Teaching of Individuals with Emotional Disturbances
262,Education/Teaching of Individuals with Mental Retardation
263,Education/Teaching of Individuals with Multiple Disabilities
264,Education/Teaching of Individuals with Orthopedic and Other Physical Health Impa
265,Education/Teaching of Individuals with Vision Impairments Including Blindness
266,Education/Teaching of Individuals with Specific Learning Disabilities
267,Education/Teaching of Individuals with Speech or Language Impairments
268,Education/Teaching of Individuals with Autism
269,Education/Teaching of Individuals Who are Developmentally Delayed
270,Education/Teaching of Individuals in Early Childhood Special Education Programs
271,Education/Teaching of Individuals in Elementary Special Education Programs
272,Education/Teaching of Individuals in Junior High/Middle School Special Education
273,Education/Teaching of Individuals in Secondary Special Education Programs
274,"Special Education and Teaching, Other"
275,Counselor Education/School Counseling and Guidance Services
276,College Student Counseling and Personnel Services
277,"Student Counseling and Personnel Services, Other"
278,Adult and Continuing Education and Teaching
279,Elementary Education and Teaching
280,Junior High/Intermediate/Middle School Education and Teaching
281,Secondary Education and Teaching
282,"Teacher Education, Multiple Levels"
283,Montessori Teacher Education
284,Waldorf/Steiner Teacher Education
285,Kindergarten/Preschool Education and Teaching
286,Early Childhood Education and Teaching
287,"Teacher Education and Professional Development, Specific Levels and Methods, Oth"
288,Agricultural Teacher Education
289,Art Teacher Education
290,Business Teacher Education
291,Driver and Safety Teacher Education
292,English/Language Arts Teacher Education
293,Foreign Language Teacher Education
294,Health Teacher Education
295,Family and Consumer Sciences/Home Economics Teacher Education
296,Technology Teacher Education/Industrial Arts Teacher Education
297,Sales and Marketing Operations/Marketing and Distribution Teacher Education
298,Mathematics Teacher Education
299,Music Teacher Education
300,Physical Education Teaching and Coaching
301,Reading Teacher Education
302,Science Teacher Education/General Science Teacher Education
303,Social Science Teacher Education
304,Social Studies Teacher Education
305,Technical Teacher Education
306,Trade and Industrial Teacher Education
307,Computer Teacher Education
308,Biology Teacher Education
309,Chemistry Teacher Education
310,Drama and Dance Teacher Education
311,French Language Teacher Education
312,German Language Teacher Education
313,Health Occupations Teacher Education
314,History Teacher Education
315,Physics Teacher Education
316,Spanish Language Teacher Education
317,Speech Teacher Education
318,Geography Teacher Education
319,Latin Teacher Education
320,School Librarian/School Library Media Specialist
321,Psychology Teacher Education
322,Earth Science Teacher Education
323,Environmental Education
324,"Teacher Education and Professional Development, Specific Subject Areas, Other"
325,Teaching English as a Second or Foreign Language/ESL Language Instructor
326,Teaching French as a Second or Foreign Language
327,"Teaching English or French as a Second or Foreign Language, Other"
328,Teacher Assistant/Aide
329,Adult Literacy Tutor/Instructor
330,"Teaching Assistants/Aides, Other"
331,"Education, Other"
332,"Engineering, General"
333,Pre-Engineering
334,"Aerospace, Aeronautical and Astronautical/Space Engineering"
335,Agricultural Engineering
336,Architectural Engineering
337,Bioengineering and Biomedical Engineering
338,Ceramic Sciences and Engineering
339,Chemical Engineering
340,Chemical and Biomolecular Engineering
341,"Chemical Engineering, Other"
342,"Civil Engineering, General"
343,Geotechnical and Geoenvironmental Engineering
344,Structural Engineering
345,Transportation and Highway Engineering
346,Water Resources Engineering
347,"Civil Engineering, Other"
348,"Computer Engineering, General"
349,Computer Hardware Engineering
350,Computer Software Engineering
351,"Computer Engineering, Other"
352,Electrical and Electronics Engineering
353,Laser and Optical Engineering
354,Telecommunications Engineering
355,"Electrical, Electronics and Communications Engineering, Other"
356,Engineering Mechanics
357,Engineering Physics/Applied Physics
358,Engineering Science
359,Environmental/Environmental Health Engineering
360,Materials Engineering
361,Mechanical Engineering
362,Metallurgical Engineering
363,Mining and Mineral Engineering
364,Naval Architecture and Marine Engineering
365,Nuclear Engineering
366,Ocean Engineering
367,Petroleum Engineering
368,Systems Engineering
369,Textile Sciences and Engineering
370,Polymer/Plastics Engineering
371,Construction Engineering
372,Forest Engineering
373,Industrial Engineering
374,Manufacturing Engineering
375,Operations Research
376,Surveying Engineering
377,Geological/Geophysical Engineering
378,Paper Science and Engineering
379,Electromechanical Engineering
380,"Mechatronics, Robotics, and Automation Engineering"
381,Biochemical Engineering
382,Engineering Chemistry
383,Biological/Biosystems Engineering
384,"Engineering, Other"
385,"Engineering Technology, General"
386,Architectural Engineering Technology/Technician
387,Civil Engineering Technology/Technician
388,"Electrical, Electronic and Communications Engineering Technology/Technician"
389,Laser and Optical Technology/Technician
390,Telecommunications Technology/Technician
391,Integrated Circuit Design
392,"Electrical and Electronic Engineering Technologies/Technicians, Other"
393,Biomedical Technology/Technician
394,Electromechanical Technology/Electromechanical Engineering Technology
395,Instrumentation Technology/Technician
396,Robotics Technology/Technician
397,Automation Engineer Technology/Technician
398,"Electromechanical and Instrumentation and Maintenance Technologies/Technicians,"
399,"Heating, Ventilation, Air Conditioning and Refrigeration Engineering Technology/"
400,Energy Management and Systems Technology/Technician
401,Solar Energy Technology/Technician
402,Water Quality and Wastewater Treatment Management and Recycling Technology/Techn
403,Environmental Engineering Technology/Environmental Technology
404,Hazardous Materials Management and Waste Technology/Technician
405,"Environmental Control Technologies/Technicians, Other"
406,Plastics and Polymer Engineering Technology/Technician
407,Metallurgical Technology/Technician
408,Industrial Technology/Technician
409,Manufacturing Engineering Technology/Technician
410,Welding Engineering Technology/Technician
411,Chemical Engineering Technology/Technician
412,Semiconductor Manufacturing Technology
413,"Industrial Production Technologies/Technicians, Other"
414,Occupational Safety and Health Technology/Technician
415,Quality Control Technology/Technician
416,Industrial Safety Technology/Technician
417,Hazardous Materials Information Systems Technology/Technician
418,"Quality Control and Safety Technologies/Technicians, Other"
419,Aeronautical/Aerospace Engineering Technology/Technician
420,Automotive Engineering Technology/Technician
421,Mechanical Engineering/Mechanical Technology/Technician
422,"Mechanical Engineering Related Technologies/Technicians, Other"
423,Mining Technology/Technician
424,Petroleum Technology/Technician
425,"Mining and Petroleum Technologies/Technicians, Other"
426,Construction Engineering Technology/Technician
427,Surveying Technology/Surveying
428,Hydraulics and Fluid Power Technology/Technician
429,"Engineering-Related Technologies, Other"
430,Computer Engineering Technology/Technician
431,Computer Technology/Computer Systems Technology
432,Computer Hardware Technology/Technician
433,Computer Software Technology/Technician
434,"Computer Engineering Technologies/Technicians, Other"
435,"Drafting and Design Technology/Technician, General"
436,CAD/CADD Drafting and/or Design Technology/Technician
437,Architectural Drafting and Architectural CAD/CADD
438,Civil Drafting and Civil Engineering CAD/CADD
439,Electrical/Electronics Drafting and Electrical/Electronics CAD/CADD
440,Mechanical Drafting and Mechanical Drafting CAD/CADD
441,"Drafting/Design Engineering Technologies/Technicians, Other"
442,Nuclear Engineering Technology/Technician
443,Engineering/Industrial Management
444,Packaging Science
445,"Engineering-Related Fields, Other"
446,Nanotechnology
447,"Engineering Technologies and Engineering-Related Fields, Other"
448,"Foreign Languages and Literatures, General"
449,Linguistics
450,Language Interpretation and Translation
451,Comparative Literature
452,Applied Linguistics
453,"Linguistic, Comparative, and Related Language Studies and Services, Other"
454,"African Languages, Literatures, and Linguistics"
455,"East Asian Languages, Literatures, and Linguistics, General"
456,Chinese Language and Literature
457,Japanese Language and Literature
458,Korean Language and Literature
459,"East Asian Languages, Literatures, and Linguistics, Other"
460,"Slavic Languages, Literatures, and Linguistics, General"
461,Russian Language and Literature
462,Polish Language and Literature
463,"Slavic, Baltic, and Albanian Languages, Literatures, and Linguistics, Other"
464,"Germanic Languages, Literatures, and Linguistics, General"
465,German Language and Literature
466,"Scandinavian Languages, Literatures, and Linguistics"
467,Danish Language and Literature
468,Dutch/Flemish Language and Literature
469,Norwegian Language and Literature
470,Swedish Language and Literature
471,"Germanic Languages, Literatures, and Linguistics, Other"
472,Modern Greek Language and Literature
473,"South Asian Languages, Literatures, and Linguistics, General"
474,"Sanskrit and Classical Indian Languages, Literatures, and Linguistics"
475,"Iranian Languages, Literatures, and Linguistics"
476,"Romance Languages, Literatures, and Linguistics, General"
477,French Language and Literature
478,Italian Language and Literature
479,Portuguese Language and Literature
480,Spanish Language and Literature
481,Romanian Language and Literature
482,"Hispanic and Latin American Languages, Literatures, and Linguistics, General"
483,"Romance Languages, Literatures, and Linguistics, Other"
484,"American Indian/Native American Languages, Literatures, and Linguistics"
485,"Middle/Near Eastern and Semitic Languages, Literatures, and Linguistics, General"
486,Arabic Language and Literature
487,Hebrew Language and Literature
488,"Ancient Near Eastern and Biblical Languages, Literatures, and Linguistics"
489,"Middle/Near Eastern and Semitic Languages, Literatures, and Linguistics, Other"
490,"Classics and Classical Languages, Literatures, and Linguistics, General"
491,Ancient/Classical Greek Language and Literature
492,Latin Language and Literature
493,"Classics and Classical Languages, Literatures, and Linguistics, Other"
494,"Celtic Languages, Literatures, and Linguistics"
495,Filipino/Tagalog Language and Literature
496,Vietnamese Language and Literature
497,Turkish Language and Literature
498,"Uralic Languages, Literatures, and Linguistics"
499,American Sign Language (ASL)
500,Linguistics of ASL and Other Sign Languages
501,Sign Language Interpretation and Translation
502,"Foreign Languages, Literatures, and Linguistics, Other"
503,Work and Family Studies
504,"Family and Consumer Sciences/Human Sciences, General"
505,Business Family and Consumer Sciences/Human Sciences
506,Family and Consumer Sciences/Human Sciences Communication
507,Consumer Merchandising/Retailing Management
508,"Family and Consumer Sciences/Human Sciences Business Services, Other"
509,"Family Resource Management Studies, General"
510,Consumer Economics
511,Consumer Services and Advocacy
512,"Family and Consumer Economics and Related Services, Other"
513,"Foods, Nutrition, and Wellness Studies, General"
514,Human Nutrition
515,Foodservice Systems Administration/Management
516,"Foods, Nutrition, and Related Services, Other"
517,"Housing and Human Environments, General"
518,Facilities Planning and Management
519,"Housing and Human Environments, Other"
520,"Human Development and Family Studies, General"
521,Adult Development and Aging
522,Family Systems
523,Child Development
524,Family and Community Services
525,Child Care and Support Services Management
526,Child Care Provider/Assistant
527,Developmental Services Worker
528,"Human Development, Family Studies, and Related Services, Other"
529,"Apparel and Textiles, General"
530,Apparel and Textile Manufacture
531,Textile Science
532,Apparel and Textile Marketing Management
533,Fashion and Fabric Consultant
534,"Apparel and Textiles, Other"
535,"Family and Consumer Sciences/Human Sciences, Other"
536,"Legal Studies, General"
537,Pre-Law Studies
538,Law
539,"Advanced Legal Research/Studies, General"
540,Programs for Foreign Lawyers
541,American/U.S. Law/Legal Studies/Jurisprudence
542,"Banking, Corporate, Finance, and Securities Law"
543,Comparative Law
544,"Energy, Environment, and Natural Resources Law"
545,Health Law
546,International Law and Legal Studies
547,"International Business, Trade, and Tax Law"
548,Tax Law/Taxation
549,Intellectual Property Law
550,"Legal Research and Advanced Professional Studies, Other"
551,Legal Administrative Assistant/Secretary
552,Legal Assistant/Paralegal
553,Court Reporting/Court Reporter
554,"Legal Support Services, Other"
555,"Legal Professions and Studies, Other"
556,"English Language and Literature, General"
557,"Writing, General"
558,Creative Writing
559,"Professional, Technical, Business, and Scientific Writing"
560,Rhetoric and Composition
561,"Rhetoric and Composition/Writing Studies, Other"
562,General Literature
563,American Literature (United States
564,English Literature (British and Commonwealth
565,Children's and Adolescent Literature
566,"Literature, Other"
567,"English Language and Literature/Letters, Other"
568,Liberal Arts and Sciences/Liberal Studies
569,General Studies
570,Humanities/Humanistic Studies
571,"Liberal Arts and Sciences, General Studies and Humanities, Other"
572,Library and Information Science
573,Archives/Archival Administration
574,Library and Archives Assisting
575,"Library Science, Other"
576,"Biology/Biological Sciences, General"
577,"Biomedical Sciences, General"
578,Biochemistry
579,Biophysics
580,Molecular Biology
581,Molecular Biochemistry
582,Molecular Biophysics
583,Structural Biology
584,Radiation Biology/Radiobiology
585,Biochemistry and Molecular Biology
586,"Biochemistry, Biophysics and Molecular Biology, Other"
587,Botany/Plant Biology
588,Plant Pathology/Phytopathology
589,Plant Physiology
590,Plant Molecular Biology
591,"Botany/Plant Biology, Other"
592,Cell/Cellular Biology and Histology
593,Anatomy
594,Developmental Biology and Embryology
595,Cell/Cellular and Molecular Biology
596,Cell Biology and Anatomy
597,"Cell/Cellular Biology and Anatomical Sciences, Other"
598,"Microbiology, General"
599,Medical Microbiology and Bacteriology
600,Virology
601,Parasitology
602,Immunology
603,Microbiology and Immunology
604,"Microbiological Sciences and Immunology, Other"
605,Zoology/Animal Biology
606,Entomology
607,Animal Physiology
608,Animal Behavior and Ethology
609,Wildlife Biology
610,"Zoology/Animal Biology, Other"
611,"Genetics, General"
612,Molecular Genetics
613,Animal Genetics
614,Plant Genetics
615,Human/Medical Genetics
616,Genome Sciences/Genomics
617,"Genetics, Other"
618,"Physiology, General"
619,Molecular Physiology
620,Cell Physiology
621,Endocrinology
622,Reproductive Biology
623,Cardiovascular Science
624,Exercise Physiology
625,Vision Science/Physiological Optics
626,Pathology/Experimental Pathology
627,Oncology and Cancer Biology
628,"Physiology, Pathology, and Related Sciences, Other"
629,Pharmacology
630,Molecular Pharmacology
631,Neuropharmacology
632,Toxicology
633,Molecular Toxicology
634,Environmental Toxicology
635,Pharmacology and Toxicology
636,"Pharmacology and Toxicology, Other"
637,Biometry/Biometrics
638,Biostatistics
639,Bioinformatics
640,Computational Biology
641,"Biomathematics, Bioinformatics, and Computational Biology, Other"
642,Biotechnology
643,Ecology
644,Marine Biology and Biological Oceanography
645,Evolutionary Biology
646,Aquatic Biology/Limnology
647,Environmental Biology
648,Population Biology
649,Conservation Biology
650,Systematic Biology/Biological Systematics
651,Epidemiology
652,Ecology and Evolutionary Biology
653,"Ecology, Evolution, Systematics and Population Biology, Other"
654,Molecular Medicine
655,Neuroscience
656,Neuroanatomy
657,Neurobiology and Anatomy
658,Neurobiology and Behavior
659,"Neurobiology and Neurosciences, Other"
660,"Biological and Biomedical Sciences, Other"
661,"Mathematics, General"
662,Algebra and Number Theory
663,"Mathematics, Other"
664,"Applied Mathematics, General"
665,Computational Mathematics
666,Computational and Applied Mathematics
667,Financial Mathematics
668,Mathematical Biology
669,"Applied Mathematics, Other"
670,"Statistics, General"
671,Mathematical Statistics and Probability
672,Mathematics and Statistics
673,"Statistics, Other"
674,"Mathematics and Statistics, Other"
675,"Intelligence, General"
676,Strategic Intelligence
677,Signal/Geospatial Intelligence
678,"Command & Control (C3, C4I Systems and Operations)"
679,Information Operations/Joint Information Operations
680,Cyber/Electronic Operations and Warfare
681,"Intelligence, Command Control and Information Operations, Other"
682,Combat Systems Engineering
683,Engineering Acoustics
684,Space Systems Operations
685,Undersea Warfare
686,"Military Applied Sciences, Other"
687,Air and Space Operations Technology
688,Explosive Ordinance/Bomb Disposal
689,"Joint Command/Task Force (C3, C4I Systems)"
690,Military Information Systems Technology
691,Munitions Systems/Ordinance Technology
692,"Military Systems and Maintenance Technology, Other"
693,"Military Technologies and Applied Sciences, Other"
694,"Multi-/Interdisciplinary Studies, General"
695,Biological and Physical Sciences
696,Peace Studies and Conflict Resolution
697,Systems Science and Theory
698,Mathematics and Computer Science
699,Biopsychology
700,Gerontology
701,Historic Preservation and Conservation
702,Cultural Resource Management and Policy Analysis
703,"Historic Preservation and Conservation, Other"
704,Medieval and Renaissance Studies
705,Museology/Museum Studies
706,"Science, Technology and Society"
707,Accounting and Computer Science
708,Behavioral Sciences
709,Natural Sciences
710,Nutrition Sciences
711,International/Global Studies
712,Holocaust and Related Studies
713,Ancient Studies/Civilization
714,"Classical, Ancient Mediterranean and Near Eastern Studies and Archaeology"
715,Intercultural/Multicultural and Diversity Studies
716,Cognitive Science
717,Cultural Studies/Critical Theory and Analysis
718,Human Biology
719,Dispute Resolution
720,Maritime Studies
721,Computational Science
722,Human Computer Interaction
723,Marine Sciences
724,Sustainability Studies
725,"Multi-/Interdisciplinary Studies, Other"
726,"Parks, Recreation and Leisure Studies"
727,"Parks, Recreation and Leisure Facilities Management, General"
728,Golf Course Operation and Grounds Management
729,"Parks, Recreation and Leisure Facilities Management, Other"
730,"Health and Physical Education/Fitness, General"
731,Sport and Fitness Administration/Management
732,Kinesiology and Exercise Science
733,Physical Fitness Technician
734,Sports Studies
735,"Health and Physical Education/Fitness, Other"
736,Outdoor Education
737,"Parks, Recreation, Leisure, and Fitness Studies, Other"
738,"Philosophy and Religious Studies, General"
739,Philosophy
740,Logic
741,Ethics
742,Applied and Professional Ethics
743,"Philosophy, Other"
744,Religion/Religious Studies
745,Buddhist Studies
746,Christian Studies
747,Islamic Studies
748,Jewish/Judaic Studies
749,"Religion/Religious Studies, Other"
750,"Philosophy and Religious Studies, Other"
751,Bible/Biblical Studies
752,Missions/Missionary Studies and Missiology
753,Religious Education
754,Religious/Sacred Music
755,Theology/Theological Studies
756,Divinity/Ministry
757,Pre-Theology/Pre-Ministerial Studies
758,Rabbinical Studies
759,Talmudic Studies
760,"Theological and Ministerial Studies, Other"
761,Pastoral Studies/Counseling
762,Youth Ministry
763,Urban Ministry
764,Women's Ministry
765,Lay Ministry
766,"Pastoral Counseling and Specialized Ministries, Other"
767,"Theology and Religious Vocations, Other"
768,Physical Sciences
769,Astronomy
770,Astrophysics
771,Planetary Astronomy and Science
772,"Astronomy and Astrophysics, Other"
773,"Atmospheric Sciences and Meteorology, General"
774,Atmospheric Physics and Dynamics
775,Meteorology
776,"Atmospheric Sciences and Meteorology, Other"
777,"Chemistry, General"
778,Analytical Chemistry
779,Inorganic Chemistry
780,Organic Chemistry
781,Physical Chemistry
782,Polymer Chemistry
783,Chemical Physics
784,Environmental Chemistry
785,Forensic Chemistry
786,"Chemistry, Other"
787,"Geology/Earth Science, General"
788,Geochemistry
789,Geophysics and Seismology
790,Paleontology
791,Hydrology and Water Resources Science
792,"Oceanography, Chemical and Physical"
793,"Geological and Earth Sciences/Geosciences, Other"
794,"Physics, General"
795,Atomic/Molecular Physics
796,Elementary Particle Physics
797,Nuclear Physics
798,Optics/Optical Sciences
799,Condensed Matter and Materials Physics
800,Acoustics
801,Theoretical and Mathematical Physics
802,"Physics, Other"
803,Materials Science
804,Materials Chemistry
805,"Physical Sciences, Other"
806,"Materials Sciences, Other"
807,"Science Technologies/Technicians, General"
808,Biology Technician/Biotechnology Laboratory Technician
809,Industrial Radiologic Technology/Technician
810,Nuclear/Nuclear Power Technology/Technician
811,"Nuclear and Industrial Radiologic Technologies/Technicians, Other"
812,Chemical Technology/Technician
813,Chemical Process Technology
814,"Physical Science Technologies/Technicians, Other"
815,"Science Technologies/Technicians, Other"
816,"Psychology, General"
817,Cognitive Psychology and Psycholinguistics
818,Comparative Psychology
819,Developmental and Child Psychology
820,Experimental Psychology
821,Personality Psychology
822,Physiological Psychology/Psychobiology
823,Social Psychology
824,Psychometrics and Quantitative Psychology
825,Psychopharmacology
826,"Research and Experimental Psychology, Other"
827,Clinical Psychology
828,Community Psychology
829,Counseling Psychology
830,Industrial and Organizational Psychology
831,School Psychology
832,Educational Psychology
833,Clinical Child Psychology
834,Environmental Psychology
835,Geropsychology
836,Health/Medical Psychology
837,Family Psychology
838,Forensic Psychology
839,Applied Psychology
840,Applied Behavior Analysis
841,"Clinical, Counseling and Applied Psychology, Other"
842,"Psychology, Other"
843,Corrections
844,Criminal Justice/Law Enforcement Administration
845,Criminal Justice/Safety Studies
846,Forensic Science and Technology
847,Criminal Justice/Police Science
848,Security and Loss Prevention Services
849,Juvenile Corrections
850,Criminalistics and Criminal Science
851,Securities Services Administration/Management
852,Corrections Administration
853,Law Enforcement Investigation and Interviewing
854,Law Enforcement Record-Keeping and Evidence Management
855,Cyber/Computer Forensics and Counterterrorism
856,Financial Forensics and Fraud Investigation
857,Law Enforcement Intelligence Analysis
858,Critical Incident Response/Special Police Operations
859,"Corrections and Criminal Justice, Other"
860,Fire Prevention and Safety Technology/Technician
861,Fire Services Administration
862,Fire Science/Fire-fighting
863,Fire Systems Technology
864,Fire/Arson Investigation and Prevention
865,Wildland/Forest Firefighting and Investigation
866,"Fire Protection, Other"
867,Homeland Security
868,Crisis/Emergency/Disaster Management
869,Critical Infrastructure Protection
870,Terrorism and Counterterrorism Operations
871,"Homeland Security, Other"
872,"Homeland Security, Law Enforcement, Firefighting and Related Protective Services, Other"
873,"Human Services, General"
874,Community Organization and Advocacy
875,Public Administration
876,"Public Policy Analysis, General"
877,Education Policy Analysis
878,Health Policy Analysis
879,International Policy Analysis
880,"Public Policy Analysis, Other"
881,Social Work
882,Youth Services/Administration
883,"Social Work, Other"
884,"Public Administration and Social Service Professions, Other"
885,"Social Sciences, General"
886,Research Methodology and Quantitative Methods
887,Anthropology
888,Physical and Biological Anthropology
889,Medical Anthropology
890,Cultural Anthropology
891,"Anthropology, Other"
892,Archeology
893,Criminology
894,Demography and Population Studies
895,"Economics, General"
896,Applied Economics
897,Econometrics and Quantitative Economics
898,Development Economics and International Development
899,International Economics
900,"Economics, Other"
901,Geography
902,Geographic Information Science and Cartography
903,"Geography, Other"
904,International Relations and Affairs
905,National Security Policy Studies
906,"International Relations and National Security Studies, Other"
907,"Political Science and Government, General"
908,American Government and Politics (United States
909,Political Economy
910,"Political Science and Government, Other"
911,Sociology
912,Urban Studies/Affairs
913,Sociology and Anthropology
914,Rural Sociology
915,"Social Sciences, Other"
916,"Construction Trades, General"
917,Mason/Masonry
918,Carpentry/Carpenter
919,"Electrical and Power Transmission Installation/Installer, General"
920,Electrician
921,Lineworker
922,"Electrical and Power Transmission Installers, Other"
923,Building/Property Maintenance
924,Concrete Finishing/Concrete Finisher
925,Building/Home/Construction Inspection/Inspector
926,Drywall Installation/Drywaller
927,Glazier
928,Painting/Painter and Wall Coverer
929,Roofer
930,Metal Building Assembly/Assembler
931,Building/Construction Site Management/Manager
932,"Carpet, Floor, and Tile Worker"
933,Building Construction Technology
934,"Building/Construction Finishing, Management, and Inspection, Other"
935,Pipefitting/Pipefitter and Sprinkler Fitter
936,Plumbing Technology/Plumber
937,Well Drilling/Driller
938,Blasting/Blaster
939,"Plumbing and Related Water Supply Services, Other"
940,"Construction Trades, Other"
941,"Mechanics and Repairers, General"
942,"Electrical/Electronics Equipment Installation and Repair, General"
943,Business Machine Repair
944,Communications Systems Installation and Repair Technology
945,Computer Installation and Repair Technology/Technician
946,Industrial Electronics Technology/Technician
947,Appliance Installation and Repair Technology/Technician
948,"Security System Installation, Repair, and Inspection Technology/Technician"
949,"Electrical/Electronics Maintenance and Repair Technology, Other"
950,"Heating, Air Conditioning, Ventilation and Refrigeration Maintenance Technology/"
951,Heavy Equipment Maintenance Technology/Technician
952,Industrial Mechanics and Maintenance Technology
953,"Heavy/Industrial Equipment Maintenance Technologies, Other"
954,Gunsmithing/Gunsmith
955,Locksmithing and Safe Repair
956,Musical Instrument Fabrication and Repair
957,Watchmaking and Jewelrymaking
958,Parts and Warehousing Operations and Maintenance Technology/Technician
959,"Precision Systems Maintenance and Repair Technologies, Other"
960,"Vehicle Maintenance and Repair Technologies, General"
961,Autobody/Collision and Repair Technology/Technician
962,Automobile/Automotive Mechanics Technology/Technician
963,Diesel Mechanics Technology/Technician
964,Small Engine Mechanics and Repair Technology/Technician
965,Airframe Mechanics and Aircraft Maintenance Technology/Technician
966,Aircraft Powerplant Technology/Technician
967,Avionics Maintenance Technology/Technician
968,Motorcycle Maintenance and Repair Technology/Technician
969,Vehicle Emissions Inspection and Maintenance Technology/Technician
970,Medium/Heavy Vehicle and Truck Technology/Technician
971,Alternative Fuel Vehicle Technology/Technician
972,Engine Machinist
973,Marine Maintenance/Fitter and Ship Repair Technology/Technician
974,High Performance and Custom Engine Technician/Mechanic
975,"Vehicle Maintenance and Repair Technologies, Other"
976,"Mechanic and Repair Technologies/Technicians, Other"
977,"Precision Production Trades, General"
978,Upholstery/Upholsterer
979,"Shoe, Boot and Leather Repair"
980,"Leatherworking and Upholstery, Other"
981,Machine Tool Technology/Machinist
982,Machine Shop Technology/Assistant
983,Sheet Metal Technology/Sheetworking
984,Tool and Die Technology/Technician
985,Welding Technology/Welder
986,Ironworking/Ironworker
987,Computer Numerically Controlled (CNC
988,Metal Fabricator
989,"Precision Metal Working, Other"
990,"Woodworking, General"
991,Furniture Design and Manufacturing
992,Cabinetmaking and Millwork
993,"Woodworking, Other"
994,Boilermaking/Boilermaker
995,"Precision Production, Other"
996,"Aeronautics/Aviation/Aerospace Science and Technology, General"
997,Airline/Commercial/Professional Pilot and Flight Crew
998,Aviation/Airway Management and Operations
999,Air Traffic Controller
1000,Airline Flight Attendant
1001,Flight Instructor
1002,"Air Transportation, Other"
1003,Construction/Heavy Equipment/Earthmoving Equipment Operation
1004,Truck and Bus Driver/Commercial Vehicle Operator and Instructor
1005,Flagging and Traffic Control
1006,Railroad and Railway Transportation
1007,"Ground Transportation, Other"
1008,"Diver, Professional and Instructor"
1009,Marine Science/Merchant Marine Officer
1010,"Marine Transportation, Other"
1011,"Transportation and Materials Moving, Other"
1012,"Visual and Performing Arts, General"
1013,Digital Arts
1014,"Crafts/Craft Design, Folk Art and Artisanry"
1015,"Dance, General"
1016,Ballet
1017,"Dance, Other"
1018,"Design and Visual Communications, General"
1019,Commercial and Advertising Art
1020,Industrial and Product Design
1021,Commercial Photography
1022,Fashion/Apparel Design
1023,Interior Design
1024,Graphic Design
1025,Illustration
1026,Game and Interactive Media Design
1027,"Design and Applied Arts, Other"
1028,"Drama and Dramatics/Theatre Arts, General"
1029,Technical Theatre/Theatre Design and Technology
1030,Playwriting and Screenwriting
1031,"Theatre Literature, History and Criticism"
1032,Acting
1033,Directing and Theatrical Production
1034,Musical Theatre
1035,Costume Design
1036,"Dramatic/Theatre Arts and Stagecraft, Other"
1037,Film/Cinema/Video Studies
1038,Cinematography and Film/Video Production
1039,Photography
1040,Documentary Production
1041,"Film/Video and Photographic Arts, Other"
1042,"Art/Art Studies, General"
1043,"Fine/Studio Arts, General"
1044,"Art History, Criticism and Conservation"
1045,Drawing
1046,Intermedia/Multimedia
1047,Painting
1048,Sculpture
1049,Printmaking
1050,Ceramic Arts and Ceramics
1051,"Fiber, Textile and Weaving Arts"
1052,Metal and Jewelry Arts
1053,"Fine Arts and Art Studies, Other"
1054,"Music, General"
1055,"Music History, Literature, and Theory"
1056,"Music Performance, General"
1057,Music Theory and Composition
1058,Musicology and Ethnomusicology
1059,Conducting
1060,Keyboard Instruments
1061,Voice and Opera
1062,Jazz/Jazz Studies
1063,Stringed Instruments
1064,Music Pedagogy
1065,Music Technology
1066,Brass Instruments
1067,Woodwind Instruments
1068,Percussion Instruments
1069,"Music, Other"
1070,"Arts, Entertainment,and Media Management, General"
1071,Fine and Studio Arts Management
1072,Music Management
1073,Theatre/Theatre Arts Management
1074,"Arts, Entertainment, and Media Management, Other"
1075,"Visual and Performing Arts, Other"
1076,"Health Services/Allied Health/Health Sciences, General"
1077,"Health and Wellness, General"
1078,Chiropractic
1079,"Communication Sciences and Disorders, General"
1080,Audiology/Audiologist
1081,Speech-Language Pathology/Pathologist
1082,Audiology/Audiologist and Speech-Language Pathology/Pathologist
1083,"Communication Disorders Sciences and Services, Other"
1084,Dentistry
1085,"Dental Clinical Sciences, General"
1086,Advanced General Dentistry
1087,Oral Biology and Oral and Maxillofacial Pathology
1088,Dental Public Health and Education
1089,Dental Materials
1090,Endodontics/Endodontology
1091,Oral/Maxillofacial Surgery
1092,Orthodontics/Orthodontology
1093,Pediatric Dentistry/Pedodontics
1094,Periodontics/Periodontology
1095,Prosthodontics/Prosthodontology
1096,"Advanced/Graduate Dentistry and Oral Sciences, Other"
1097,Dental Assisting/Assistant
1098,Dental Hygiene/Hygienist
1099,Dental Laboratory Technology/Technician
1100,"Dental Services and Allied Professions, Other"
1101,Health/Health Care Administration/Management
1102,Hospital and Health Care Facilities Administration/Management
1103,Health Unit Coordinator/Ward Clerk
1104,Health Unit Manager/Ward Supervisor
1105,Medical Office Management/Administration
1106,Health Information/Medical Records Administration/Administrator
1107,Health Information/Medical Records Technology/Technician
1108,Medical Transcription/Transcriptionist
1109,Medical Office Computer Specialist/Assistant
1110,Medical Office Assistant/Specialist
1111,Medical/Health Management and Clinical Assistant/Specialist
1112,Medical Reception/Receptionist
1113,Medical Insurance Coding Specialist/Coder
1114,Medical Insurance Specialist/Medical Biller
1115,Health/Medical Claims Examiner
1116,Medical Administrative/Executive Assistant and Medical Secretary
1117,Medical Staff Services Technology/Technician
1118,Long Term Care Administration/Management
1119,Clinical Research Coordinator
1120,"Health and Medical Administrative Services, Other"
1121,Medical/Clinical Assistant
1122,Clinical/Medical Laboratory Assistant
1123,Occupational Therapist Assistant
1124,Pharmacy Technician/Assistant
1125,Physical Therapy Technician/Assistant
1126,Veterinary/Animal Health Technology/Technician and Veterinary Assistant
1127,Anesthesiologist Assistant
1128,Emergency Care Attendant (EMT Ambulance)
1129,Pathology/Pathologist Assistant
1130,Respiratory Therapy Technician/Assistant
1131,Chiropractic Assistant/Technician
1132,Radiologist Assistant
1133,Lactation Consultant
1134,Speech-Language Pathology Assistant
1135,"Allied Health and Medical Assisting Services, Other"
1136,Cardiovascular Technology/Technologist
1137,Electrocardiograph Technology/Technician
1138,Electroneurodiagnostic/Electroencephalographic Technology/Technologist
1139,Emergency Medical Technology/Technician (EMT Paramedic)
1140,Nuclear Medical Technology/Technologist
1141,Perfusion Technology/Perfusionist
1142,Medical Radiologic Technology/Science - Radiation Therapist
1143,Respiratory Care Therapy/Therapist
1144,Surgical Technology/Technologist
1145,Diagnostic Medical Sonography/Sonographer and Ultrasound Technician
1146,Radiologic Technology/Science - Radiographer
1147,Physician Assistant
1148,Athletic Training/Trainer
1149,Gene/Genetic Therapy
1150,Cardiopulmonary Technology/Technologist
1151,Radiation Protection/Health Physics Technician
1152,Polysomnography
1153,Hearing Instrument Specialist
1154,Mammography Technician/Technology
1155,Magnetic Resonance Imaging (MRI
1156,"Allied Health Diagnostic, Intervention, and Treatment Professions, Other"
1157,Blood Bank Technology Specialist
1158,Cytotechnology/Cytotechnologist
1159,Hematology Technology/Technician
1160,Clinical/Medical Laboratory Technician
1161,Clinical Laboratory Science/Medical Technology/Technologist
1162,Ophthalmic Laboratory Technology/Technician
1163,Histologic Technology/Histotechnologist
1164,Histologic Technician
1165,Phlebotomy Technician/Phlebotomist
1166,Cytogenetics/Genetics/Clinical Genetics Technology/Technologist
1167,Renal/Dialysis Technologist/Technician
1168,Sterile Processing Technology/Technician
1169,"Clinical/Medical Laboratory Science and Allied Professions, Other"
1170,Pre-Dentistry Studies
1171,Pre-Medicine/Pre-Medical Studies
1172,Pre-Pharmacy Studies
1173,Pre-Veterinary Studies
1174,Pre-Nursing Studies
1175,Pre-Chiropractic Studies
1176,Pre-Occupational Therapy Studies
1177,Pre-Optometry Studies
1178,Pre-Physical Therapy Studies
1179,"Health/Medical Preparatory Programs, Other"
1180,Medicine
1181,Medical Scientist
1182,Substance Abuse/Addiction Counseling
1183,Psychiatric/Mental Health Services Technician
1184,Clinical/Medical Social Work
1185,Community Health Services/Liaison/Counseling
1186,Marriage and Family Therapy/Counseling
1187,Clinical Pastoral Counseling/Patient Counseling
1188,Psychoanalysis and Psychotherapy
1189,Mental Health Counseling/Counselor
1190,Genetic Counseling/Counselor
1191,"Mental and Social Health Services and Allied Professions, Other"
1192,Optometry
1193,Opticianry/Ophthalmic Dispensing Optician
1194,Optometric Technician/Assistant
1195,Ophthalmic Technician/Technologist
1196,Orthoptics/Orthoptist
1197,"Ophthalmic and Optometric Support Services and Allied Professions, Other"
1198,Osteopathic Medicine/Osteopathy
1199,Pharmacy
1200,Pharmacy Administration and Pharmacy Policy and Regulatory Affairs
1201,Pharmaceutics and Drug Design
1202,Medicinal and Pharmaceutical Chemistry
1203,Natural Products Chemistry and Pharmacognosy
1204,Clinical and Industrial Drug Development
1205,Pharmacoeconomics/Pharmaceutical Economics
1206,"Clinical, Hospital, and Managed Care Pharmacy"
1207,Industrial and Physical Pharmacy and Cosmetic Sciences
1208,Pharmaceutical Sciences
1209,Pharmaceutical Marketing and Management
1210,"Pharmacy, Pharmaceutical Sciences, and Administration, Other"
1211,Podiatric Medicine/Podiatry
1212,"Public Health, General"
1213,Environmental Health
1214,Health/Medical Physics
1215,Occupational Health and Industrial Hygiene
1216,Public Health Education and Promotion
1217,Community Health and Preventive Medicine
1218,Maternal and Child Health
1219,International Public Health/International Health
1220,Health Services Administration
1221,Behavioral Aspects of Health
1222,"Public Health, Other"
1223,Art Therapy/Therapist
1224,Dance Therapy/Therapist
1225,Music Therapy/Therapist
1226,Occupational Therapy/Therapist
1227,Orthotist/Prosthetist
1228,Physical Therapy/Therapist
1229,Therapeutic Recreation/Recreational Therapy
1230,Vocational Rehabilitation Counseling/Counselor
1231,Kinesiotherapy/Kinesiotherapist
1232,Assistive/Augmentative Technology and Rehabilitation Engineering
1233,Animal-Assisted Therapy
1234,Rehabilitation Science
1235,"Rehabilitation and Therapeutic Professions, Other"
1236,Veterinary Medicine
1237,"Veterinary Sciences/Veterinary Clinical Sciences, General"
1238,Veterinary Physiology
1239,Veterinary Microbiology and Immunobiology
1240,Veterinary Pathology and Pathobiology
1241,Large Animal/Food Animal and Equine Surgery and Medicine
1242,Small/Companion Animal Surgery and Medicine
1243,Comparative and Laboratory Animal Medicine
1244,"Veterinary Preventive Medicine, Epidemiology, and Public Health"
1245,Veterinary Infectious Diseases
1246,Health Aide
1247,Home Health Aide/Home Attendant
1248,Medication Aide
1249,Rehabilitation Aide
1250,"Health Aides/Attendants/Orderlies, Other"
1251,Medical Illustration/Medical Illustrator
1252,Medical Informatics
1253,"Medical Illustration and Informatics, Other"
1254,Dietetics/Dietitian
1255,Clinical Nutrition/Nutritionist
1256,Dietetic Technician
1257,Dietitian Assistant
1258,"Dietetics and Clinical Nutrition Services, Other"
1259,Bioethics/Medical Ethics
1260,"Alternative and Complementary Medicine and Medical Systems, General"
1261,Acupuncture and Oriental Medicine
1262,Traditional Chinese Medicine and Chinese Herbology
1263,Naturopathic Medicine/Naturopathy
1264,Homeopathic Medicine/Homeopathy
1265,Ayurvedic Medicine/Ayurveda
1266,Holistic Health
1267,"Alternative and Complementary Medicine and Medical Systems, Other"
1268,Direct Entry Midwifery
1269,"Alternative and Complementary Medical Support Services, Other"
1270,Massage Therapy/Therapeutic Massage
1271,Asian Bodywork Therapy
1272,Somatic Bodywork
1273,"Somatic Bodywork and Related Therapeutic Services, Other"
1274,Movement Therapy and Movement Education
1275,Yoga Teacher Training/Yoga Therapy
1276,Hypnotherapy/Hypnotherapist
1277,"Movement and Mind-Body Therapies and Education, Other"
1278,Aromatherapy
1279,Herbalism/Herbalist
1280,Polarity Therapy
1281,Reiki
1282,"Energy and Biologically Based Therapies, Other"
1283,Registered Nursing/Registered Nurse
1284,Nursing Administration
1285,Adult Health Nurse/Nursing
1286,Nurse Anesthetist
1287,Family Practice Nurse/Nursing
1288,Maternal/Child Health and Neonatal Nurse/Nursing
1289,Nurse Midwife/Nursing Midwifery
1290,Nursing Science
1291,Pediatric Nurse/Nursing
1292,Psychiatric/Mental Health Nurse/Nursing
1293,Public Health/Community Nurse/Nursing
1294,Perioperative/Operating Room and Surgical Nurse/Nursing
1295,Clinical Nurse Specialist
1296,Critical Care Nursing
1297,Occupational and Environmental Health Nursing
1298,Emergency Room/Trauma Nursing
1299,Nursing Education
1300,Nursing Practice
1301,Palliative Care Nursing
1302,Clinical Nurse Leader
1303,Geriatric Nurse/Nursing
1304,Women's Health Nurse/Nursing
1305,"Registered Nursing, Nursing Administration, Nursing Research and Clinical Nursin"
1306,Licensed Practical/Vocational Nurse Training
1307,Nursing Assistant/Aide and Patient Care Assistant/Aide
1308,"Practical Nursing, Vocational Nursing and Nursing Assistants, Other"
1309,"Health Professions and Related Clinical Sciences, Other"
1310,"Business/Commerce, General"
1311,"Business Administration and Management, General"
1312,"Purchasing, Procurement/Acquisitions and Contracts Management"
1313,"Logistics, Materials, and Supply Chain Management"
1314,Office Management and Supervision
1315,Operations Management and Supervision
1316,Non-Profit/Public/Organizational Management
1317,Customer Service Management
1318,E-Commerce/Electronic Commerce
1319,Transportation/Mobility Management
1320,Research and Development Management
1321,Project Management
1322,Retail Management
1323,Organizational Leadership
1324,"Business Administration, Management and Operations, Other"
1325,Accounting
1326,Accounting Technology/Technician and Bookkeeping
1327,Auditing
1328,Accounting and Finance
1329,Accounting and Business/Management
1330,"Accounting and Related Services, Other"
1331,"Administrative Assistant and Secretarial Science, General"
1332,Executive Assistant/Executive Secretary
1333,Receptionist
1334,Business/Office Automation/Technology/Data Entry
1335,General Office Occupations and Clerical Services
1336,"Parts, Warehousing, and Inventory Management Operations"
1337,"Traffic, Customs, and Transportation Clerk/Technician"
1338,Customer Service Support/Call Center/Teleservice Operation
1339,"Business Operations Support and Secretarial Services, Other"
1340,Business/Corporate Communications
1341,Business/Managerial Economics
1342,Entrepreneurship/Entrepreneurial Studies
1343,Franchising and Franchise Operations
1344,Small Business Administration/Management
1345,"Entrepreneurial and Small Business Operations, Other"
1346,"Finance, General"
1347,Banking and Financial Support Services
1348,Financial Planning and Services
1349,International Finance
1350,Investments and Securities
1351,Public Finance
1352,Credit Management
1353,"Finance and Financial Management Services, Other"
1354,"Hospitality Administration/Management, General"
1355,Tourism and Travel Services Management
1356,Hotel/Motel Administration/Management
1357,Restaurant/Food Services Management
1358,Resort Management
1359,Meeting and Event Planning
1360,Casino Management
1361,"Hotel, Motel, and Restaurant Management"
1362,"Hospitality Administration/Management, Other"
1363,"Human Resources Management/Personnel Administration, General"
1364,Labor and Industrial Relations
1365,Organizational Behavior Studies
1366,Labor Studies
1367,Human Resources Development
1368,"Human Resources Management and Services, Other"
1369,International Business/Trade/Commerce
1370,"Management Information Systems, General"
1371,Information Resources Management
1372,Knowledge Management
1373,"Management Information Systems and Services, Other"
1374,Management Science
1375,Business Statistics
1376,Actuarial Science
1377,"Management Sciences and Quantitative Methods, Other"
1378,"Marketing/Marketing Management, General"
1379,Marketing Research
1380,International Marketing
1381,"Marketing, Other"
1382,Real Estate
1383,Taxation
1384,Insurance
1385,"Sales, Distribution, and Marketing Operations, General"
1386,Merchandising and Buying Operations
1387,Retailing and Retail Operations
1388,Selling Skills and Sales Operations
1389,"General Merchandising, Sales, and Related Marketing Operations, Other"
1390,Auctioneering
1391,Fashion Merchandising
1392,Fashion Modeling
1393,Apparel and Accessories Marketing Operations
1394,Tourism and Travel Services Marketing Operations
1395,Tourism Promotion Operations
1396,Vehicle and Vehicle Parts and Accessories Marketing Operations
1397,Business and Personal/Financial Services Marketing Operations
1398,Special Products Marketing Operations
1399,Hospitality and Recreation Marketing Operations
1400,"Specialized Merchandising, Sales, and Marketing Operations, Other"
1401,Construction Management
1402,Telecommunications Management
1403,"Business, Management, Marketing, and Related Support Services, Other"
1404,"History, General"
1405,American History (United States)
1406,European History
1407,History and Philosophy of Science and Technology
1408,Public/Applied History
1409,Asian History
1410,Military History
1411,"History, Other"
